"","GSM6205132","GSM6205136","GSM6205138","GSM6205140","GSM6205142","GSM6205144"
"atypical_B_ANXA4",8.37412761823142,8.27406640654706,8.30307059806635,8.42578969259721,8.27406640654707,8.50307873987178
"atypical_B_LGALS1",8.86165467585893,8.27406640654706,8.41258009085684,8.9104967657489,8.69215119629628,8.65375005455435
"atypical_B_ATP2A3",8.37412761823142,8.27406640654706,8.3051965701921,8.56306424265253,8.27406640654706,8.55507066561013
"atypical_B_NT5C3A",8.46769671150101,8.66097840823612,8.59704535180909,8.42578969259721,8.49820092479333,8.44914285127614
"atypical_B_S100A6",9.17078565608074,8.27406640654706,8.71040236299451,9.10291681737348,9.28015456450188,9.69485311245909
"atypical_B_CD37",10.8482906447894,9.70261276697561,9.8633106041096,11.0790212017141,9.86714075523708,10.8249452842389
"atypical_B_C16orf74",8.99335536183135,8.82140504966717,8.71901360758693,9.10291681737348,8.49820092479333,8.74610979277921
"atypical_B_GPR18",8.37412761823142,8.27406640654706,8.31095324487184,8.42578969259721,8.27406640654706,8.55507066561013
"atypical_B_PDLIM1",8.71671238864559,8.66097840823612,8.73538758444852,9.00991244537823,8.8630905325607,8.91478448429738
"atypical_B_IRF7",8.37412761823142,8.48045431626057,8.4570705013039,8.42578969259721,8.27406640654706,8.65375005455435
"atypical_B_SMIM14",8.86165467585893,8.48045431626057,8.6166294890055,9.2726668528262,8.69215119629628,9.23470976401238
"atypical_B_DRAP1",8.86165471490124,8.82140504966717,8.77589893517778,9.00991244537822,8.49820092479333,9.10119055897251
"atypical_B_CCL5",8.27406640654706,8.27406640654706,8.54773875911166,8.27406640654706,8.27406640654706,10.079139370271
"atypical_B_ADD1",8.71671238864558,8.48045431626057,8.42542414014981,8.68840428555983,8.27406640654706,8.50307873987178
"atypical_B_PPP1R14A",9.55880476032108,8.27406640654706,8.49494410190209,9.00991244537823,8.8630905325607,8.91478448429739
"atypical_B_VPREB3",8.86165471490124,9.43134710946592,9.02508066131023,9.19028703221375,8.27406640654706,8.6052538963029
"CD16+_Monocyte_TNRC6A",7.98453830385816,7.98559702496211,7.95511171999899,7.96209058986078,7.81196878904098,8.0625217784355
"CD16+_Monocyte_TKT",9.76017388767917,9.32516939111231,9.52290832416671,8.7373893164763,9.99477249283525,9.35130727304415
"CD16+_Monocyte_SHOC2",8.06365284658673,8.30252830074204,8.16849758713092,8.14904218249433,7.81196878904098,8.18988984441488
"CD16+_Monocyte_FBXO34",7.81196878904098,8.01260708942413,7.93844576622359,7.99032748643089,7.81196878904097,7.8545385936622
"CD16+_Monocyte_IGF2BP3",7.81196878904098,7.81196878904098,7.81369533860304,7.87390429308365,7.81196878904098,7.84048776599406
"CD16+_NK_RPL37",11.6073187687363,11.9095246633024,11.9529762883386,11.9512746340728,11.9173257545462,12.207747666379
"CD16+_NK_RPS27",13.0251989123223,13.313844403653,13.4037620388914,13.432865775538,13.3029991204923,13.9698895641732
"CD16+_NK_RPLP2",12.0856701780561,12.4149812857089,12.4712673707185,12.3837930570611,12.4058080644419,12.8066451076967
"CD4+_T_cm_PCSK1N",8.22905747460364,8.25713322349379,8.24709278958824,8.20226186226606,8.22253037133617,8.23361639173284
"CD4+_T_cm_LEF1",8.52774332880094,8.56613034662326,8.54781215102197,8.64429355789979,8.56174275345694,8.47574949172209
"CD4+_T_cm_ACTN1",8.40386418672397,8.4005204041758,8.37737648039014,8.41246469493025,8.33850245791715,8.35263431275185
"CD4+_T_cm_PRMT2",9.0993906316188,9.11001600802057,9.02658589820783,9.10829269392337,8.80963592822017,9.05181983296143
"CD4+_T_cm_PLP2",8.61159307476785,8.63404343145227,8.72085905501314,8.58354303175005,8.82297207682086,8.88412285970181
"CD4+_T_cm_CPQ",8.22905747460365,8.26786143069394,8.24517131764762,8.23423185040019,8.20226186226606,8.21802430501201
"CD4+_T_cm_ADD3",8.70998488744809,8.65870865807635,8.63716404783064,8.63234632291392,8.65417550366537,8.51455888994061
"CD4+_T_cm_TCF7",9.12101164103412,9.06766552385433,9.09641105608979,9.17569826726714,9.29437263902009,8.91346128034869
"CD4+_T_cm_PRDM1",8.22905747460365,8.25713322349379,8.25107136786236,8.21833541101727,8.22253037133617,8.26430395340826
"CD4+_T_cm_LPAR6",8.39205661509705,8.34080485121705,8.35813387650828,8.26550871829802,8.33850245791715,8.4358671675717
"CD4+_T_cm_RORA",8.62173976955053,8.66683757265829,8.65070927616091,8.53303075745752,8.57756534815426,8.67162260204613
"CD4+_T_cm_NOSIP",9.06261981946463,9.19116011690871,9.24372710881007,9.1168927210912,9.30391557096374,9.33807930789687
"CD4+_T_cm_GLIPR1",8.40386418672396,8.3808885827264,8.38239884135778,8.29612188347137,8.33850245791715,8.4358671675717
"CD4+_T_cyt_AKT3",8.623613173217,8.62361317321699,8.64405045421604,8.62361317321699,8.70589313568068,8.62361317321699
"CD4+_T_cyt_SELL",9.04672666951038,9.11695972417256,9.02888105381985,9.10676990970313,8.85758643400185,8.96111619342846
"CD4+_T_cyt_CD27",9.71856546836903,8.80745174849858,8.8525647974063,8.72435816595495,8.85758643400185,8.96111622434608
"CD4+_T_cyt_S100A6",10.3338391178101,10.0917940353045,10.2780535222474,9.82643028982344,10.2343809303059,11.0030159753246
"CD4+_T_em_PCSK1N",8.48516453697025,8.4932729394179,8.49344782997091,8.4885409912088,8.48123011392432,8.51319240989913
"CD4+_T_em_GYPC",9.28814237935775,9.61623954565855,9.57437443698279,9.64408765400031,9.48034172301617,9.58441334129732
"CD4+_T_em_RPS15",12.4382221828207,12.6299047620874,12.671558419579,12.417075122441,12.6444587215148,12.830086863994
"CD4+_T_em_DPP4",8.43548372657805,8.52132204770855,8.52309409343597,8.43548372657804,8.56858845986699,8.43548372657805
"CD4+_T_em_RPS25",12.3737395828503,12.7051980347236,12.6673662090898,12.3032205487473,12.6343707401096,12.474624530997
"CD4+_T_em_LGALS1",8.53319133315115,8.62836376006236,8.62222806008638,8.72799068161542,8.52557040180724,8.78790666276667
"CD4+_T_em_FXYD7",8.48516453697025,8.62836376006236,8.59143789651496,8.43548372657805,8.56858845986699,8.43548372657805
"CD4+_T_naive_EVI2B",8.74339341423158,8.65679047631834,8.72788838219666,8.66612045840089,8.89516955199689,8.73409358028171
"CD4+_T_naive_ADD3",8.75511860088621,8.70390788788881,8.68198990386743,8.68549602110711,8.66303632065995,8.61903043971511
"CD4+_T_naive_PLP2",8.51128433105412,8.57279260730552,8.57946605176926,8.49804911734066,8.61010759825064,8.53761951504901
"CD4+_T_naive_RIC3",8.47517347461749,8.46548545610928,8.4923333901495,8.44219027433002,8.5389168195699,8.51540952346787
"CD4+_T_naive_S100A4",8.99416344600365,9.09086421034384,9.16770319761724,8.88359871412177,9.24347993198753,9.29443071174776
"CD4+_T_naive_LGALS1",8.39539718417039,8.42855916210522,8.47963809271866,8.43533946948515,8.50920442860155,8.63662833065329
"CD4+_T_naive_MARCKSL1",8.65590136389647,8.57748556726318,8.55471293404452,8.65960355215478,8.47545680184633,8.61381324491504
"CD4+_T_naive_ITM2A",8.73094685557512,8.72690184992691,8.74104643820265,8.76717994221867,8.68584154894672,8.8984335675748
"CD56+_NK_S100A6",9.90184938192965,9.59018536350856,9.75021605093437,9.36662342818449,9.79435386951591,10.23611951124
"CD56+_NK_COTL1",9.6292432978783,9.49511355298431,9.39443903474098,9.71610796478643,8.95158418401167,9.77697160870986
"CD56+_NK_LAMTOR5",9.12058163198002,9.03618361503335,9.07674958467908,9.12828195378468,9.10649877156294,9.21043182582639
"CD56+_NK_S100A4",9.71252499323668,9.67937752560736,9.90004940434896,9.22839079599478,10.1195282908015,10.2876232930483
"CD8+_T_GZMKhi_UBE2E3",8.97742789618303,9.06308102018847,9.12347717126359,9.10619501666972,9.16692478647003,9.30688155278152
"CD8+_T_GZMKhi_CRIP1",9.1960997707699,9.52950476196865,9.37239777613939,9.10619501666972,9.03803703993291,9.19553949139826
"CD8+_T_GZMKhi_TPRG1",8.97742789618303,9.00966141296614,9.00408978783306,8.89649494137413,9.03803703993291,8.89649494137413
"CD8+_T_GZMKhi_PRDM1",9.05406079648209,9.03661845276974,9.02879625714568,8.89649494137413,9.03803703993291,8.94320138488483
"CD8+_T_naive_ARPC2",9.28950429589817,9.13856796332864,9.22763391033034,9.32276198263172,9.39678773375133,9.34750776830269
"CD8+_T_naive_NOSIP",9.23853107398718,9.3680005921209,9.33963185315284,9.03256764757615,9.35508625528064,9.11477517964826
"CD8+_T_naive_CD7",9.03252715908798,9.17999804635184,9.22428462240381,9.20247755043188,9.22222112814999,9.41542010178208
"CD8+_T_naive_RPL35A",12.5869141678665,12.5265390922114,12.6823049337422,12.6605285754597,13.024925413169,12.7719173324608
"CD8+_T_naive_EVL",9.39102216867644,9.1628797652135,9.11765256021948,9.15645301286676,9.15089942942975,8.87271422733625
"CD8+_T_naive_TSHZ2",8.17521247278592,8.19319539273073,8.19380169237673,8.13117751227572,8.17976375389066,8.20281076453753
"CD8+_T_naive_MYL6",9.31924572269315,9.25622694303708,9.29816855452479,9.41886665734376,9.33913194046006,9.43934382572424
"CD8+_T_naive_SEC62",8.91408464201989,8.90733094567308,8.94455417074963,8.905623295861,9.08864711921196,8.85503621314091
"CD8+_T_naive_GZMM",8.71963760801212,8.67109616058686,8.68446141185822,8.76642152424615,8.71290304336501,8.7150588149044
"CD8+_T_naive_FCER1G",8.57920232559817,8.50714895934402,8.51447932298733,8.4279406907434,8.50935121518471,8.52691544456482
"CD8+_T_naive_UQCRB",9.89426362038473,10.1369987557419,10.2015733335745,10.0266070306673,10.4101227958284,10.0952529235333
"CD8+_T_naive_PLP2",8.28980521947487,8.30352941626387,8.33236471993895,8.27728504797448,8.38017383763551,8.36147825242295
"CD8+_T_naive_FAM32A",8.33902853829716,8.35266910344062,8.41160451280195,8.3670675662621,8.52823676846677,8.45832288731221
"CD8+_T_naive_HMGN1",8.94620848064269,8.89494351503599,8.90532496300733,8.96022405857839,8.97623311325232,8.8461151521274
"CD8+_T_naive_ARPC3",9.04444749057978,9.11739772430919,9.15982959277267,9.18847194678742,9.25092840634074,9.2012675555204
"CD8+_T_naive_LAT",8.92702003413607,8.68555221372044,8.76504657775056,8.84887458031525,8.93436957733139,8.83713883023521
"CD8+_T_naive_LGALS1",8.20737849822098,8.17964220090738,8.18727697081241,8.30999539350183,8.16776973083984,8.2843247067555
"CD8+_T_naive_RIC3",8.28980521947486,8.32830846831886,8.37921207081826,8.25057208922444,8.47082190604382,8.41071305639235
"CD8+_T_naive_LSP1",8.57920229262981,8.51796004750197,8.61479279667389,8.60708518690655,8.80095555498131,8.71505878131879
"CD8+_T_naive_ACTB",10.3361701232547,10.233621681486,10.3740493620232,10.3354727116,10.6271294018387,10.5389717454713
"CD8+_T_naive_ABHD17A",8.32931731041506,8.30976419670843,8.27533055190619,8.2904583022057,8.14347833111085,8.34890247131208
"cDC2_EML4",7.5756633293789,7.54091041852804,7.48129983350789,7.53984750510282,7.28043971860812,7.57268996834417
"dnT_GRK6",8.65287213901826,8.45494435004993,8.49666589959579,8.96276012925824,8.70350837486797,8.45494435004993
"dnT_PRMT1",8.82689258386861,8.79769047608862,8.78954911815944,8.66684238082619,8.58457293658598,9.0557075001245
"MAIT_RORA",9.77328209917124,9.88298849517924,9.74312941370535,9.002402352468,9.50364298684801,9.34309661903815
"MAIT_RPLP2",13.301157022802,13.3707401701949,13.2774123205769,12.9261849417171,13.1501024983342,12.9966426313918
"MAIT_EIF6",8.95165525807058,8.8724497408726,8.89511900924244,8.66056859682027,8.78252248201315,9.10732221363326
"MAIT_TMX4",8.87032523158224,8.90032958163764,8.87800398554367,8.73572233498313,8.89496606723207,8.71760980107809
"MAIT_SKAP2",8.69246646656596,8.78542409227243,8.7339709048288,8.80715420150668,8.66056859682027,8.66056859682027
"MAIT_FCRL3",8.69246646656596,8.66056859682027,8.66327543384829,8.80715420150668,8.66056859682027,8.71760980107809
"MAIT_S100A6",10.218829358841,10.3852894199976,10.4607927050483,9.7098270668867,10.4796723648717,10.5489158272805
"MAIT_ZBTB38",8.75422134115687,8.84402051101376,8.79515112494125,8.94021005296063,8.74300565477378,8.71760980107809
"MAIT_ISCU",9.23765694186131,9.30672264698893,9.25069631871815,9.06202402715417,9.06484837406657,9.26870576621196
"MAIT_SELL",8.92505144448619,9.05716082813397,9.07108480180816,9.17434869269966,9.18767724301268,8.97321037919752
"MAIT_LGALS3",8.87032523158224,8.8150197747933,8.78421773110782,8.80715420150668,8.78252248201315,8.66056859682027
"MAIT_LEF1",8.78413496845508,8.75520854078294,8.71536081889444,8.80715420150668,8.66056859682027,8.66056859682027
"MAIT_MPZL3",8.72367430602401,8.84402051101377,8.82166402527678,8.73572233498313,8.78252248201315,8.77248122965552
"MAIT_CD27",9.10173170098717,9.17597116783875,9.19967879827834,9.06202402715417,9.24538043151664,9.19026942821913
"MAIT_LYST",8.92505144448619,8.98087525798024,8.96407076848284,8.8752155128877,8.93058060026129,8.92558521204301
"MAIT_CD44",9.54773029704566,9.70474053636199,9.59233729241534,9.59342039314167,9.50364298684801,9.26870573435949
"memory_B_IGHMhi_S100A6",8.97244769712961,9.19557300340564,9.30786062593319,8.879699186923,9.44299194046214,9.45297291464965
"memory_B_IGHMhi_SNX3",9.30268835714593,9.01541489395845,9.07657060580274,9.36755729817805,9.19690549927291,9.20662337036261
"memory_B_IGHMhi_MRPS6",8.94569447944467,8.71814094382812,8.74608212011329,8.85930626760685,8.83881979487338,8.7340885024623
"memory_B_IGHMhi_ANXA1",8.44500270559064,8.54285152400843,8.53243463540408,8.45050332351925,8.47307020569954,8.56708763194275
"memory_B_IGHMhi_ANXA4",8.47025122079961,8.46067656326435,8.4879890376639,8.49524495838996,8.55147315977264,8.50122483888739
"memory_B_IGHMhi_LGALS1",8.54344907890002,8.46067656326435,8.62239784582083,8.45050332351925,8.89000877723393,8.8176386902621
"memory_B_IGHMhi_SKAP1",8.49506545280075,8.51597659937403,8.53682259378566,8.46856682049068,8.55147315977264,8.58309400968416
"memory_B_IGHMhi_PPP1R14A",8.72222536131952,8.43221078887441,8.63945275623501,8.85930614356014,9.1556671133283,8.71968064770125
"memory_B_IGHMhi_RGS19",8.6903489114409,8.59514455218137,8.68283553146582,8.71544803687952,8.89000874306122,8.7196806684151
"memory_B_IGHMhi_LGALS9",8.60173239855174,8.62059701603956,8.63226957479139,8.65363240353223,8.69654927297659,8.58309400968416
"memory_B_IGHMhi_ARPC3",9.81244148750554,9.60559131111669,9.75403051200098,9.91062272446193,10.0586292931356,9.91801547450789
"memory_B_IGHMhi_LBR",8.62440205406634,8.6943662539281,8.62237422148695,8.66933639409928,8.49968076602749,8.53453205676941
"memory_B_IGHMhi_ACTG1",9.39786856729725,9.14384777829367,9.39149696044093,9.30861120178465,9.83133163882739,9.68573867471774
"memory_B_IGHMhi_CCL5",8.84312265993627,9.796349565521,9.62025381260717,8.48640694692834,8.82836045991056,9.89895972505678
"memory_B_IGHMlo_S100A6",8.78443852444337,9.8599543873193,9.71381897922176,9.11212330460982,9.40162368932153,9.48588449127925
"memory_B_IGHMlo_SMIM14",8.7675934656048,8.59247116234888,8.64346502764783,8.89757829397639,8.85462305733264,8.576270107744
"naive_B_L3MBTL4",8.76777680683986,8.76230817980793,8.75894756278593,8.77097301803276,8.74717279856809,8.76710262069105
"naive_B_SMIM14",9.08757048603725,8.99793175759572,9.0189218975347,9.09391614141295,9.08249492302228,9.02057216559529
"naive_B_S100A6",9.2863053360444,9.03579322864603,9.05424757294903,9.00973414739073,9.12898071075634,8.986976597589
"naive_B_RIC3",8.89497521617229,8.94585275108032,8.94274461971072,8.87712660850233,8.89795630570134,8.986976597589
"naive_B_PPP1R14A",9.02047284921688,8.80678430938068,8.89433807678131,8.94146201124925,9.09815717679801,8.9350692061398
"naive_B_IGF2BP3",8.74717279856809,8.76230817980794,8.75579301550747,8.77097301803276,8.74717279856809,8.74717279856809
"naive_B_STAG3",8.81803508641195,9.26560435693242,9.10708266055302,8.86243170281627,8.80557878444852,8.88122429823408
"pDC_MPDU1",8.30349479798767,8.10763866702627,8.14981410585372,8.10763866702627,8.10763866702627,8.37748278988984
"Plasma_Cell_CYB561A3",8.19103649785539,7.86046642814169,7.87721255266944,8.06712251223489,7.93779098823541,7.88733230963469
"Plasma_Cell_IL10RA",8.46186153471024,8.32375429549331,8.21581515100698,8.05405515329316,8.04560638412695,7.98702984990633
"Plasma_Cell_CDCA7L",8.06666082473054,7.86046642814169,7.84666016291569,7.85747650751719,7.82126283937863,7.82402975480979
"Plasma_Cell_TYROBP",8.35954823457673,8.88041477455331,8.68264346311131,8.10562909831653,7.97463200239418,8.86776980004499
"Plasma_Cell_HOPX",7.85734304833371,8.14307075667612,8.0666944527584,7.91642722181984,7.89998449521169,7.98702984990633
"Plasma_Cell_ELAVL1",7.93054236054054,7.93647429923505,7.97711788807573,8.05405515329316,8.01055560348778,8.11595657781577
"Plasma_Cell_SDHC",8.24942160177662,7.93647429923505,8.01897983688978,8.15542281776663,8.14592177935674,8.18476572135043
"Treg_GYPC",9.43257603916555,9.44428146101594,9.50552345615661,9.44962602669236,9.61168421200393,9.57593884112292
"Treg_RORA",8.82753946279668,8.95755281506922,8.91054775094382,8.96993818237881,8.84023034825698,8.84868678411684
"Treg_CD7",9.02774510630828,9.49117927864963,9.48557225108182,9.30920868213019,9.47812693984092,9.44496868571727
"Treg_HVCN1",8.71595182183009,8.59208730309682,8.64089878706645,8.74855404307016,8.72081882934862,8.74114200716881
"Treg_PLP2",8.99226199166718,8.96864279237177,8.95452938755592,8.8432608335091,8.93985308579782,8.88703530406271
